food_id,menu_id,food_name,serving_size,calories,fat,saturated_fat,trans_fat,cholesterol,sodium,carbohydrates,fiber,sugar,protein,vit_a,vit_c,calcium,iron,is_vegetarian,is_vegan,is_gf,is_featured
143329,23075,Single ShackBurger,,530,34,14,1,115,1260,26,0,6,29,0,0,0,0,0,0,0,0
143330,23075,Double ShackBurger,,790,52,23,2,195,2280,27,0,6,51,0,0,0,0,0,0,0,0
143331,23075,Single Hamburger,,400,22,10,1,85,850,24,0,5,25,0,0,0,0,0,0,0,0
143332,23075,Double Hamburger,,590,34,15,1.5,150,1540,24,0,5,44,0,0,0,0,0,0,0,0
143333,23075,Single Cheeseburger,,470,28,14,1,105,1200,25,0,5,29,0,0,0,0,0,0,0,1
143334,23075,Double Cheeseburger,,730,46,22,2,185,2220,25,0,5,51,0,0,0,0,0,0,0,0
143335,23075,Shroom Burger,,550,31,12,0.5,55,670,49,0,7,18,0,0,0,0,0,0,0,1
143336,23075,Shack Stack,,800,49,21,1.5,140,1700,50,0,7,40,0,0,0,0,0,0,0,0
143337,23075,Single SmokeShackTM,,610,39,16,1,130,2010,28,0,7,36,0,0,0,0,0,0,0,0
143338,23075,Double SmokeShackTM,,870,57,24,2,210,3030,28,0,7,58,0,0,0,0,0,0,0,0
143339,23075,Roadside Double Burger,,850,61,25,2,142,1160,36,4,11,55,0,0,0,0,0,0,0,0
143340,23075,Lockhart Link Burger,,810,60,24,1,165,2050,27,3,5,39,0,0,0,0,0,0,0,0
143341,23075,Lockhart Link Burger Double,,1070,78,32,2,245,3080,28,2,6,61,0,0,0,0,0,0,0,0
143342,23075,Link Burger,,730,50,20,1,120,1520,27,2,7,37,0,0,0,0,0,0,0,0
143343,23075,Link Burger Double,,990,68,28,2,200,2550,28,2,8,59,0,0,0,0,0,0,0,0
143344,23075,Green Chile CheddarShack Single,,590,36,16,1,110,1690,33,1,11,33,0,0,0,0,0,0,0,0
143345,23075,Green Chile CheddarShack Double,,900,58,26,1.5,200,2550,33,1,11,59,0,0,0,0,0,0,0,0
143346,23075,Mound City Double,,810,52,22,1.5,195,2380,26,0,6,56,0,0,0,0,0,0,0,0
143347,23075,Crackle Shack Single,,580,37,15,1,120,1400,25,0,5,34,0,0,0,0,0,0,0,0
143348,23075,Crackle Shack Double,,770,49,20,2,185,2080,25,0,5,53,0,0,0,0,0,0,0,0
143349,23075,Montlake Double Cut,,940,64,29,1.5,235,2410,36,1,4,53,0,0,0,0,0,0,0,0
143350,23075,Golden State Double,,960,65,27,2,235,2200,41,0,9,52,0,0,0,0,0,0,0,0
143351,23075,Bacon Cheeseburger single,,540,33,15,1,120,1480,25,0,5,35,0,0,0,0,0,0,0,0
143352,23075,Bacon Cheeseburger double,,800,51,24,2,200,2510,25,0,6,58,0,0,0,0,0,0,0,0
143353,23075,Veggie Shack,,530,27,7,0,20,1250,56,6,10,16,0,0,0,0,1,0,0,0
143354,23075,Veggie Shack vegan lettuce wrap,,310,18,1.5,0,0,900,31,4,6,4,0,0,0,0,1,1,1,1
143355,23075,Veggie Shack vegan,,390,22,1.5,0,0,1130,50,6,8,6,0,0,0,0,1,1,0,0
143356,23075,Grilled Cheese,,350,22,13,0.5,55,850,25,0,5,14,0,0,0,0,0,0,0,0
143357,23075,Martins Potato Roll,,210,10,6,0,20,170,24,0,5,7,0,0,0,0,0,0,0,0
143358,23075,Gluten Free Bun,,170,3.5,0,0,0,370,32,2,5,2,0,0,0,0,0,0,1,0
143359,23075,Lettuce Wrap,,5,0,0,0,0,15,1,1,0,1,0,0,0,0,0,0,1,0
143360,23075,Burger Patty,,190,12,4.5,0.5,65,690,0,0,0,19,0,0,0,0,0,0,1,0
143361,23075,American Cheese,,70,6,3.5,0,15,340,1,0,0,4,0,0,0,0,0,0,1,0
143362,23075,ShackSauce,,60,6,1,0,10,60,0,0,0,0,0,0,0,0,0,0,0,0
143363,23075,Lettuce,,1,0,0,0,0,0,0,0,0,0,0,0,0,0,1,1,1,0
143364,23075,Tomato,,5,0,0,0,0,0,1,0,0,0,0,0,0,0,1,1,1,0
143365,23075,Pickle,,1,0,0,0,0,140,0,0,0,0,0,0,0,0,1,1,1,0
143366,23075,Onion,,5,0,0,0,0,0,1,0,0,0,0,0,0,0,1,1,1,0
143367,23075,Bacon ,2 Slices,70,4.5,1.5,0,15,290,0,0,0,6,0,0,0,0,0,0,1,0
143368,23075,Cherry Peppers,,10,0,0,0,0,470,2,0,2,0,0,0,0,0,0,0,0,0
143369,23075,Chickn Shack,,590,36,10,0,120,1170,34,0,6,33,0,0,0,0,0,0,0,0
143370,23075,Hot ChickN,,560,31,9,0,115,1220,38,1,8,33,0,0,0,0,0,0,0,0
143371,23075,Chickn Bites ,6 Pc,300,15,3,0,75,1020,18,0,2,22,0,0,0,0,0,0,0,0
143372,23075,Chickn Bites ,10 Pc,500,26,5,0,130,1690,29,0,3,37,0,0,0,0,0,0,0,0
143373,23075,Herb Mayonnaise,1 Order,90,10,1,0,10,140,0,0,0,0,0,0,0,0,0,0,0,0
143374,23075,BBQ Sauce,,70,0,0,0,0,400,16,0,15,0,0,0,0,0,0,0,0,0
143375,23075,Honey Mustard,,180,18,2.5,1,10,260,4,0,4,0,0,0,0,0,0,0,0,0
143376,23076,Bacon Breakfast Sandwich,,370,18,8,0,215,1050,26,3,5,24,0,0,0,0,0,0,0,0
143377,23076,Bacon Breakfast Sandwich (Double Egg),,480,29,12,0,260,1440,28,3,7,28,0,0,0,0,0,0,0,0
143378,23076,Sausage Breakfast Sandwich,,460,25,10,0,399,1145,26,3,5,30,0,0,0,0,0,0,0,0
143379,23076,Sausage Breakfast Sandwich (Double Egg),,570,36,14,0,444,1535,28,3,7,34,0,0,0,0,0,0,0,0
143380,23076,Egg and Cheese Breakfast Sandwich,,300,13,6,0,200,750,26,3,5,17,0,0,0,0,0,0,0,1
143381,23076,Egg and Cheese Breakfast Sandwich (Double Egg),,390,20,8,0,384,845,26,3,5,23,0,0,0,0,0,0,0,0
143382,23076,Apple Turnover,,325,15,5,0,7,443,46,3,10,4,0,0,0,0,0,0,0,0
143383,23075,Hot Dog,,390,26,12,0,60,800,25,0,6,16,0,0,0,0,0,0,0,0
143384,23075,Chicken Dog,,310,13,6,0,85,930,27,0,8,24,0,0,0,0,0,0,0,0
143385,23075,Shackcago Dog,,410,26,12,1,60,1500,29,0,9,17,0,0,0,0,0,0,0,0
143386,23075,Chicken Shackcago Dog,,330,13,6,0.5,85,1630,31,0,10,24,0,0,0,0,0,0,0,0
143387,23075,Sausage Link,,240,20,7,0,40,682,2,0,0,9,0,0,0,0,0,0,0,0
143388,23075,Publican Pork Sausage,,560,47,16,0,73,1188,14,1,1,13,0,0,0,0,0,0,0,0
143389,23075,Garden Dog,,220,10,6,0.5,20,1020,28,1,8,8,0,0,0,0,1,0,0,1
143390,23075,Add Cheese Sauce,,80,7,5,0,30,95,1,0,0,2,0,0,0,0,0,0,0,0
143391,23075,Add Ricks Picks Shack Relish,,5,0,0,0,0,15,1,0,1,0,0,0,0,0,0,0,0,0
143392,23077,Regular Fries,,470,22,4.5,0,15,740,63,7,1,6,0,0,0,0,0,0,0,0
143393,23077,Cheese Fries,,710,44,19,0,95,1020,64,7,1,12,0,0,0,0,0,0,0,0
143394,23077,Bacon Cheese Fries,,840,52,21,0,125,1570,65,7,1,24,0,0,0,0,0,0,0,0
143395,23077,Double Down Fries,,1910,117,49,1,270,4020,164,16,5,41,0,0,0,0,0,0,0,0
143396,23077,Big Bobs Cheese Fries,,800,46,19,0,115,1020,92,7,11,17,0,0,0,0,0,0,0,0
143397,23078,Vanilla Shake,,680,36,22,0,235,430,72,0,71,18,0,0,0,0,0,0,0,0
143398,23078,Chocolate Shake,,750,45,27,1.5,255,310,76,0,69,16,0,0,0,0,0,0,0,0
143399,23078,Salted Caramel Shake,,840,42,26,0,260,950,99,0,96,17,0,0,0,0,0,0,0,0
143400,23078,Black  White Shake,,770,42,26,0,245,460,80,0,76,19,0,0,0,0,0,0,0,0
143401,23078,Strawberry Shake,,690,35,21,0,230,430,77,0,75,17,0,0,0,0,0,0,0,0
143402,23078,Cookies  Cream Shake,,850,44,24,0,235,580,98,0,86,19,0,0,0,0,0,0,0,0
143403,23078,Coffee Shake,,680,35,22,0,235,420,74,0,70,18,0,0,0,0,0,0,0,0
143404,23078,Christmas Cookie Shake,,920,52,31,0,285,790,94,0,87,21,0,0,0,0,0,0,0,0
143405,23078,White Mocha Shake,,840,42,25,0,255,440,100,0,99,19,0,0,0,0,0,0,0,0
143406,23078,Chocolate Peppermint Shake,,860,52,31,1.5,270,350,88,0,78,18,0,0,0,0,0,0,0,0
143407,23078,Peachtree Shake,,770,38,23,0,240,670,95,0,91,16,0,0,0,0,0,0,0,0
143408,23078,Traffic JAM Shake,,790,35,21,0,230,410,106,0,102,17,0,0,0,0,0,0,0,0
143409,23078,Bourbon Salted Caramel Shake,,890,44,27,0,260,700,89,0,87,18,0,0,0,0,0,0,0,0
143410,23078,Loaded Chocolate Cookies  Cream Shake,,1160,56,32,1.5,265,450,126,0,108,17,0,0,0,0,0,0,0,0
143411,23078,Whipped Cream,,70,5,3.5,0,20,20,5,0,4,1,0,0,0,0,0,0,0,0
143412,23078,Malt,,80,1,0.5,0,5,70,19,0,16,2,0,0,0,0,0,0,0,0
143413,23078,Root Beer Float,,430,15,9,0,100,220,70,0,69,7,0,0,0,0,0,0,0,0
143414,23078,Purple Cow Float,,460,15,9,0,100,210,79,0,78,7,0,0,0,0,0,0,0,0
143415,23078,Creamsicle Float,,440,15,9,0,100,240,75,0,74,7,0,0,0,0,0,0,0,0
143416,23079,Single Chocolate Cup,,310,19,11,0.5,110,120,32,0,29,6,0,0,0,0,0,0,0,0
143417,23079,Double Chocolate Cup,,490,30,18,1,175,190,51,0,47,9,0,0,0,0,0,0,0,0
143418,23079,Single Vanilla Cup,,280,15,9,0,100,180,30,0,30,7,0,0,0,0,0,0,0,0
143419,23079,Double Vanilla Cup,,450,24,14,0,165,280,49,0,48,11,0,0,0,0,0,0,0,0
143420,23079,Single Vanilla  Chocolate Cup,,290,17,10,0,105,150,31,0,29,6,0,0,0,0,0,0,0,0
143421,23079,Double Vanilla  Chocolate Cup,,470,27,16,0,170,230,50,0,47,10,0,0,0,0,0,0,0,0
143422,23079,Single Chocolate Cone,,360,20,11,0.5,110,180,42,0,33,7,0,0,0,0,0,0,0,0
143423,23079,Double Chocolate Cone,,540,31,18,1,175,250,61,0,50,10,0,0,0,0,0,0,0,0
143424,23079,Single Vanilla Cone,,330,15,9,0,100,230,41,0,33,7,0,0,0,0,0,0,0,0
143425,23079,Double Vanilla Cone,,500,24,15,0,165,340,59,0,51,11,0,0,0,0,0,0,0,0
143426,23079,Single Vanilla  Chocolate Cone,,340,17,10,0,105,200,41,0,33,7,0,0,0,0,0,0,0,0
143427,23079,Double Vanilla  Chocolate Cone,,520,28,16,0,170,290,60,0,51,11,0,0,0,0,0,0,0,0
143428,23079,Cone,,50,0.5,0,0,0,55,10,0,4,1,0,0,0,0,0,0,0,0
143429,23079,125th Street Treat,,460,21,12,0,130,310,61,0,51,9,0,0,0,0,0,0,0,0
143430,23079,125th Street Treat (Double),,930,41,24,0,265,610,122,1,102,18,0,0,0,0,0,0,0,0
143431,23079,Austin Street Treat,,420,23,14,0.5,130,290,51,0,42,7,0,0,0,0,0,0,0,0
143432,23079,Austin Street Treat (Double),,840,46,28,1.5,255,590,101,1,85,14,0,0,0,0,0,0,0,0
143433,23079,Back Bay Blend,,560,33,21,1,150,410,64,0,58,7,0,0,0,0,0,0,0,0
143434,23079,Back Bay Blend (Double),,1130,67,41,2,300,820,129,1,116,14,0,0,0,0,0,0,0,0
143435,23079,Banana Buyout,,400,20,12,0,120,340,50,0,47,8,0,0,0,0,0,0,0,0
143436,23079,Banana Buyout (Double),,800,40,25,0,240,680,99,0,93,16,0,0,0,0,0,0,0,0
143437,23079,Banana Caramel Crunch,,420,19,11,0,120,390,0,48,46,8,0,0,0,0,0,0,0,0
143438,23079,Banana Caramel Crunch (Double),,850,38,23,0,240,790,112,1,91,17,0,0,0,0,0,0,0,0
143439,23079,Banana Post Road,,430,27,16,0.5,120,530,45,0,38,8,0,0,0,0,0,0,0,0
143440,23079,Banana Post Road (Double),,860,54,33,1.5,240,1060,91,1,745,15,0,0,0,0,0,0,0,0
143441,23079,Bergen County Blend,,420,22,13,0,130,250,48,0,40,9,0,0,0,0,0,0,0,0
143442,23079,Bergen County Blend (Double),,850,44,27,0,255,500,96,1,80,18,0,0,0,0,0,0,0,0
143443,23079,Beverly Chills,,530,28,18,0,130,420,62,0,56,9,0,0,0,0,0,0,0,0
143444,23079,Beverly Chills (Double),,1060,57,36,0,260,840,124,1,112,19,0,0,0,0,0,0,0,0
143445,23079,Birming Graham,,460,20,11,0,130,250,62,0,50,9,0,0,0,0,0,0,0,0
143446,23079,Birming Graham (Double),,920,40,22,0,265,510,123,1,101,17,0,0,0,0,0,0,0,0
143447,23079,Black  White Cookie,,450,25,15,0,130,230,51,0,41,8,0,0,0,0,0,0,0,0
143448,23079,Black  White Cookie (Double),,900,51,30,0.5,255,450,102,0,82,16,0,0,0,0,0,0,0,0
143449,23079,Brownie Points,,540,28,15,1,135,490,64,0,57,10,0,0,0,0,0,0,0,0
143450,23079,Brownie Points (Double),,1070,56,29,2.5,275,980,129,0,114,19,0,0,0,0,0,0,0,0
143451,23079,Buffalo Street Brownie,,520,26,14,0,125,410,68,0,57,9,0,0,0,0,0,0,0,0
143452,23079,Buffalo Street Brownie (Double),,1050,52,29,0,250,830,135,0,114,19,0,0,0,0,0,0,0,0
143453,23079,Burrowing Banana,,400,23,14,0.5,130,270,48,0,41,7,0,0,0,0,0,0,0,0
143454,23079,Burrowing Banana (Double),,790,48,28,1.5,255,530,91,1,81,13,0,0,0,0,0,0,0,0
143455,23079,Busy Bee,,460,24,12,0,110,270,53,0,43,9,0,0,0,0,0,0,0,0
143456,23079,Busy Bee (Double),,920,47,23,0,225,530,106,1,86,19,0,0,0,0,0,0,0,0
143457,23079,Campfire Smores,,560,31,18,0.5,120,200,66,0,50,9,0,0,0,0,0,0,0,0
143458,23079,Campfire Smores (Double),,1110,63,36,1.5,240,400,131,1,100,18,0,0,0,0,0,0,0,0
143459,23079,Caramel Apple Fritter,,540,29,16,0,120,510,62,0,43,10,0,0,0,0,0,0,0,0
143460,23079,Caramel Apple Fritter (Double),,1090,57,32,0,240,1030,123,0,86,21,0,0,0,0,0,0,0,0
143461,23079,Caramel Bourbon Twist,,460,24,15,0,130,400,54,0,51,8,0,0,0,0,0,0,0,0
143462,23079,Caramel Bourbon Twist (Double),,920,49,30,0,260,800,108,0,102,16,0,0,0,0,0,0,0,0
143463,23079,Caramel Carousel,,420,19,11,0,120,390,54,0,45,8,0,0,0,0,0,0,0,0
143464,23079,Caramel Carousel (Double),,830,38,23,0,240,790,108,0,90,17,0,0,0,0,0,0,0,0
143465,23079,Caramel Cone,,410,20,12,0,120,360,50,0,45,8,0,0,0,0,0,0,0,0
143466,23079,Caramel Cone (Double),,810,40,25,0,240,720,101,0,90,16,0,0,0,0,0,0,0,0
143467,23079,Caramel Crumble,,410,20,12,0,120,360,50,0,45,8,0,0,0,0,0,0,0,0
143468,23079,Caramel Crumble (Double),,810,40,25,0,240,720,101,0,90,18,0,0,0,0,0,0,0,0
143469,23079,Carusos Crunch,,470,24,14,0.5,130,340,55,0,50,8,0,0,0,0,0,0,0,0
143470,23079,Carusos Crunch (Double),,930,48,27,1.5,265,690,109,0,101,16,0,0,0,0,0,0,0,0
143471,23079,Central West Blend,,550,26,15,0,155,620,71,0,61,10,0,0,0,0,0,0,0,0
143472,23079,Central West Blend (Double),,1100,52,29,0,310,1240,141,0,122,19,0,0,0,0,0,0,0,0
143473,23079,Choc n Roll Defend the Blend,,550,30,18,0.5,135,430,68,0,58,8,0,0,0,0,0,0,0,0
143474,23079,Choc n Roll Defend the Blend (Double),,1090,61,35,1.5,270,870,136,0,115,16,0,0,0,0,0,0,0,0
143475,23079,Choc of the Town,,480,30,19,0.5,125,150,50,0,41,8,0,0,0,0,0,0,0,0
143476,23079,Choc of the Town (Double),,960,61,37,1.5,250,310,99,1,82,16,0,0,0,0,0,0,0,0
143477,23079,Chocolate and Chip,,570,35,17,1,130,310,59,0,45,8,0,0,0,0,0,0,0,0
143478,23079,Chocolate and Chip (Double),,1150,71,34,1.5,265,620,119,0,90,16,0,0,0,0,0,0,0,0
143479,23079,Chocolate Caramel Crunchcrete,,520,30,19,1,140,340,60,0,53,7,0,0,0,0,0,0,0,0
143480,23079,Chocolate Caramel Crunchcrete (Double),,1040,61,37,1.5,280,690,120,0,107,15,0,0,0,0,0,0,0,0
143481,23079,Chocolate Caramel Pretzel Crunch,,510,30,18,0.5,135,310,55,0,47,8,0,0,0,0,0,0,0,0
143482,23079,Chocolate Caramel Pretzel Crunch (Double),,1020,60,35,1.5,270,610,111,1,93,18,0,0,0,0,0,0,0,0
143483,23079,Chocolate Minted Marshmallow,,430,24,14,0.5,125,150,53,0,46,7,0,0,0,0,0,0,0,0
143484,23079,Chocolate Minted Marshmallow (Double),,860,48,29,1.5,350,300,105,0,92,15,0,0,0,0,0,0,0,0
143485,23079,Chocolate Truffle Cookie Cone,,420,22,13,0,120,210,52,0,44,8,0,0,0,0,0,0,0,0
143486,23079,Chocolate Truffle Cookie Cone (Double),,840,44,26,0.5,240,410,104,0,88,16,0,0,0,0,0,0,0,0
143487,23079,Churn of the Century,,590,36,14,0,130,450,56,0,45,14,0,0,0,0,0,0,0,0
143488,23079,Churn of the Century (Double),,1180,73,27,0,255,890,112,0,90,28,0,0,0,0,0,0,0,0
143489,23079,Coffee  Donuts,,460,23,12,0,115,290,55,0,41,9,0,0,0,0,0,0,0,0
143490,23079,Coffee  Donuts (Double),,920,45,23,0,225,580,111,0,83,19,0,0,0,0,0,0,0,0
143491,23079,Coffee Caramel Popcorn,,410,20,12,0,120,400,47,0,43,10,0,0,0,0,0,0,0,0
143492,23079,Coffee Caramel Popcorn (Double),,810,41,23,0,245,790,94,0,87,19,0,0,0,0,0,0,0,0
143493,23079,Coffee Croissant,,460,25,15,0,125,360,52,0,43,9,0,0,0,0,0,0,0,0
143494,23079,Coffee Croissant (Double),,910,49,30,0,255,720,103,0,86,18,0,0,0,0,0,0,0,0
143495,23079,Coffee Toffee,,450,22,14,0,120,270,56,0,42,8,0,0,0,0,0,0,0,0
143496,23079,Coffee Toffee (Double),,900,45,28,0,245,540,113,0,105,18,0,0,0,0,0,0,0,0
143497,23079,cOLD Fashioned,,490,25,14,0,120,460,57,0,47,9,0,0,0,0,0,0,0,0
143498,23079,cOLD Fashioned (Double),,970,51,29,0,245,920,114,1,93,18,0,0,0,0,0,0,0,0
143499,23079,Concrete of Troy,,520,26,14,0,125,410,68,0,57,9,0,0,0,0,0,0,0,0
143500,23079,Concrete of Troy (Double),,1050,52,29,0,250,830,135,0,114,19,0,0,0,0,0,0,0,0
143501,23079,Cookie Butter Blender,,570,32,18,0,135,370,63,0,57,9,0,0,0,0,0,0,0,0
143502,23079,Cookie Butter Blender (Double),,1140,65,36,0.5,265,730,126,0,114,17,0,0,0,0,0,0,0,0
143503,23079,Cookie Butter Crunchcrete,,530,32,18,1,130,230,56,0,48,8,0,0,0,0,0,0,0,0
143504,23079,Cookie Butter Crunchcrete (Double),,1050,65,35,1.5,265,460,112,0,97,15,0,0,0,0,0,0,0,0
143505,23079,Cookie Dough Country,,500,31,16,0.5,125,270,51,0,41,10,0,0,0,0,0,0,0,0
143506,23079,Cookie Dough Country (Double),,1000,63,31,1.5,250,540,102,0,81,20,0,0,0,0,0,0,0,0
143507,23079,Coral Crisp,,500,22,13,0,120,470,72,0,57,9,0,0,0,0,0,0,0,0
143508,23079,Coral Crisp (Double),,1000,43,26,0,240,940,144,0,114,18,0,0,0,0,0,0,0,0
143509,23079,Crimson Red Velvet,,360,19,11,0,120,250,40,0,37,8,0,0,0,0,0,0,0,0
143510,23079,Crimson Red Velvet (Double),,720,38,22,0,235,510,79,0,74,16,0,0,0,0,0,0,0,0
143511,23079,Cross Country Crunch,,520,29,18,0,130,420,60,0,54,9,0,0,0,0,0,0,0,0
143512,23079,Cross Country Crunch (Double),,1040,58,36,0,260,830,118,0,108,18,0,0,0,0,0,0,0,0
143513,23079,Crunch Time,,470,22,13,0,120,350,59,0,53,9,0,0,0,0,0,0,0,0
143514,23079,Crunch Time (Double),,930,44,26,0,240,710,119,0,106,17,0,0,0,0,0,0,0,0
143515,23079,Crunchstellation,,480,26,16,0,125,280,54,0,51,9,0,0,0,0,0,0,0,0
143516,23079,Crunchstellation (Double),,950,51,32,0,245,570,108,0,103,18,0,0,0,0,0,0,0,0
143517,23079,Cup  Cake Crunch,,530,28,15,0,135,340,61,0,55,9,0,0,0,0,0,0,0,0
143518,23079,Cup  Cake Crunch (Double),,1060,57,31,0,265,690,123,0,109,18,0,0,0,0,0,0,0,0
143519,23079,DODlicious,,510,27,16,0,140,420,60,0,42,9,0,0,0,0,0,0,0,0
143520,23079,DODlicious (Double),,1010,54,31,0,275,850,118,0,83,18,0,0,0,0,0,0,0,0
143521,23079,Darien Cookie Dough,,550,30,18,0,145,480,63,0,47,9,0,0,0,0,0,0,0,0
143522,23079,Darien Cookie Dough (Double),,1090,59,35,0,295,960,127,0,95,18,0,0,0,0,0,0,0,0
143523,23079,Declaration of Donuts,,440,23,13,0,115,330,50,0,40,9,0,0,0,0,0,0,0,0
143524,23079,Declaration of Donuts (Double),,880,47,26,0,230,650,100,1,79,18,0,0,0,0,0,0,0,0
143525,23079,Double Chocolate Trouble,,490,26,15,0,140,420,57,0,40,9,0,0,0,0,0,0,0,0
143526,23079,Double Chocolate Trouble (Double),,980,52,30,0,275,840,114,0,79,18,0,0,0,0,0,0,0,0
143527,23079,Doughnut Look Swell,,440,23,13,0,115,330,49,0,40,9,0,0,0,0,0,0,0,0
143528,23079,Doughnut Look Swell (Double),,880,47,26,0,230,660,99,0,81,18,0,0,0,0,0,0,0,0
143529,23079,Doughnuts Are Forever,,370,19,11,0,110,220,42,0,37,8,0,0,0,0,0,0,0,0
143530,23079,Doughnuts are Forever (Double),,730,37,21,0.5,225,440,84,1,74,16,0,0,0,0,0,0,0,0
143531,23079,Downtown Butter Brown,,390,20,12,0,110,220,45,0,39,8,0,0,0,0,0,0,0,0
143532,23079,Downtown Butter Brown (Double),,780,39,24,0,225,440,90,0,77,16,0,0,0,0,0,0,0,0
143533,23079,DTLA,,480,30,18,0.5,125,150,50,0,41,9,0,0,0,0,0,0,0,0
143534,23079,DTLA (Double),,960,59,36,1.5,250,300,99,1,81,17,0,0,0,0,0,0,0,0
143535,23079,Dust Devil,,460,22,13,0,125,390,599,0,51,8,0,0,0,0,0,0,0,0
143536,23079,Dust Devil (Double),,920,44,27,0,255,790,118,0,101,17,0,0,0,0,0,0,0,0
143537,23079,Elm City Coffee Break,,570,30,14,0,115,340,68,0,51,10,0,0,0,0,0,0,0,0
143538,23079,Elm City Coffee Break (Double),,1150,59,28,0,235,690,136,0,101,19,0,0,0,0,0,0,0,0
143539,23079,Empire State,,550,30,16,1,125,240,65,0,48,9,0,0,0,0,0,0,0,0
143540,23079,Empire State (Double),,1090,61,31,1.5,250,470,131,1,97,18,0,0,0,0,0,0,0,0
143541,23079,Even Smore,,520,27,15,0.5,125,210,66,0,52,8,0,0,0,0,0,0,0,0
143542,23079,Even Smore (Double),,1040,55,30,1.5,255,420,133,1,104,17,0,0,0,0,0,0,0,0
143543,23079,Eye Drive,,530,29,18,0,140,470,63,0,59,8,0,0,0,0,0,0,0,0
143544,23079,Eye Drive (Double),,1070,58,36,0.5,280,950,125,1,117,16,0,0,0,0,0,0,0,0
143545,23079,Falls Fashion,,430,22,13,0,120,390,50,0,44,8,0,0,0,0,0,0,0,0
143546,23079,Falls Fashion (Double),,850,44,26,0,240,790,101,1,88,17,0,0,0,0,0,0,0,0
143547,23079,Fidi Fudge,,460,28,17,0.5,130,180,52,1,44,9,0,0,0,0,0,0,0,0
143548,23079,Fidi Fudge (Double),,920,56,34,1.5,260,350,104,2,86,17,0,0,0,0,0,0,0,0
143549,23079,FluffN Foster,,490,22,12,0,130,340,64,0,55,9,0,0,0,0,0,0,0,0
143550,23079,FluffN Foster (Double),,970,44,24,0,260,680,129,1,109,18,0,0,0,0,0,0,0,0
143551,23079,Fly Me To The Shack,,550,35,21,0.5,130,170,58,0,48,9,0,0,0,0,0,0,0,0
143552,23079,Fly Me To The Shack (Double),,1100,70,43,1.5,260,340,117,0,96,18,0,0,0,0,0,0,0,0
143553,23079,Fudgeeddaboutit,,470,30,19,0.5,125,150,47,1,39,8,0,0,0,0,0,0,0,0
143554,23079,Fudgeeddaboutit (Double),,940,60,37,1.5,250,310,95,1,79,16,0,0,0,0,0,0,0,0
143555,23079,Garden State,,440,21,13,0,125,320,55,0,36,9,0,0,0,0,0,0,0,0
143556,23079,Garden State (Double),,880,43,25,0,250,650,110,0,72,18,0,0,0,0,0,0,0,0
143557,23079,Give My Regards,,520,29,18,0,130,420,60,0,54,9,0,0,0,0,0,0,0,0
143558,23079,Give My Regards (Double),,1040,58,36,0,260,830,118,0,108,18,0,0,0,0,0,0,0,0
143559,23079,Glades Donuts,,470,25,15,0,125,400,52,0,47,8,0,0,0,0,0,0,0,0
143560,23079,Glades Donuts (Double),,930,51,30,0,255,800,105,0,93,16,0,0,0,0,0,0,0,0
143561,23079,Glazed Dazed Doughnut,,520,28,16,0,130,490,61,0,52,9,0,0,0,0,0,0,0,0
143562,23079,Glazed Dazed Doughnut (Double),,1050,56,33,0,265,990,121,0,104,17,0,0,0,0,0,0,0,0
143563,23079,Heights Bites,,560,28,14,0,160,570,72,0,64,9,0,0,0,0,0,0,0,0
143564,23079,Heights Bites (Double),,1130,56,28,0,315,1150,143,0,128,17,0,0,0,0,0,0,0,0
143565,23079,Hill of Beans,,480,25,15,0,125,350,60,1,52,10,0,0,0,0,0,0,0,0
143566,23079,Hill of Beans (Double),,970,51,31,0,245,700,120,2,105,19,0,0,0,0,0,0,0,0
143567,23079,Hopscotch,,510,29,18,0,130,400,56,0,51,9,0,0,0,0,0,0,0,0
143568,23079,Hopscotch (Double),,1020,57,36,0,260,810,113,0,103,17,0,0,0,0,0,0,0,0
143569,23079,Hopscotch (Roadie),,2040,115,72,1,520,1610,226,0,206,34,0,0,0,0,0,0,0,0
143570,23079,Invictus,,480,27,16,0.5,130,310,56,0,47,8,0,0,0,0,0,0,0,0
143571,23079,Invictus (Double),,950,54,32,1.5,260,620,112,0,93,15,0,0,0,0,0,0,0,0
143572,23079,Jitney,,490,26,15,0,140,57,57,0,40,9,0,0,0,0,0,0,0,0
143573,23079,Jitney (Double),,980,52,30,0,275,840,114,0,79,18,0,0,0,0,0,0,0,0
143574,23079,Just Du It,,570,29,16,0,150,470,68,0,58,9,0,0,0,0,0,0,0,0
143575,23079,Just Du It (Double),,1130,59,32,0,295,940,137,0,116,18,0,0,0,0,0,0,0,0
143576,23079,Kierland Campfire,,530,29,16,0.5,120,190,62,0,48,9,0,0,0,0,0,0,0,0
143577,23079,Kierland Campfire (Double),,1050,58,32,1.5,245,390,124,1,95,17,0,0,0,0,0,0,0,0
143578,23079,Lemon Grove,,460,20,11,0,130,250,62,0,50,9,0,0,0,0,0,0,0,0
143579,23079,Lemon Grove (Double),,920,40,22,0,265,510,123,1,101,17,0,0,0,0,0,0,0,0
143580,23079,Liberty Shell,,380,19,11,0,120,200,43,0,39,9,0,0,0,0,0,0,0,0
143581,23079,Liberty Shell (Double),,750,38,23,0,235,410,86,0,79,18,0,0,0,0,0,0,0,0
143582,23079,Logan Swirl,,500,27,15,0,130,450,58,0,52,8,0,0,0,0,0,0,0,0
143583,23079,Logan Swirl (Double),,1000,54,31,0,265,900,117,0,103,17,0,0,0,0,0,0,0,0
143584,23079,Lower West Side,,480,28,17,0.5,120,150,52,4,44,9,0,0,0,0,0,0,0,0
143585,23079,Lower West Side (Double),,960,56,33,1.5,245,310,105,7,88,18,0,0,0,0,0,0,0,0
143586,23079,M Street Treat,,510,27,16,0,120,260,64,0,53,10,0,0,0,0,0,0,0,0
143587,23079,M Street Treat (Double),,1030,54,33,0,245,530,129,1,106,20,0,0,0,0,0,0,0,0
143588,23079,Mallow Monsoon,,420,22,13,0,120,210,53,0,45,8,0,0,0,0,0,0,0,0
143589,23079,Mallow Monsoon (Double),,850,44,26,0.5,240,410,105,1,89,16,0,0,0,0,0,0,0,0
143590,23079,Malt of America,,460,22,13,0,125,390,58,0,50,8,0,0,0,0,0,0,0,0
143591,23079,Malt of America (Double),,920,44,27,0,255,790,117,0,100,17,0,0,0,0,0,0,0,0
143592,23079,Malt Whitman,,500,26,15,0,125,300,61,0,42,10,0,0,0,0,0,0,0,0
143593,23079,Malt Whitman (Double),,1000,51,29,0,250,610,123,0,83,20,0,0,0,0,0,0,0,0
143594,23079,Maple Bacon and Banana,,440,24,13,0,120,430,48,0,40,11,0,0,0,0,0,0,0,0
143595,23079,Maple Bacon and Banana (Double),,890,47,26,0,235,860,96,1,79,22,0,0,0,0,0,0,0,0
143596,23079,Marshmallow CREME,,550,29,16,0.5,125,220,720,0,58,9,0,0,0,0,0,0,0,0
143597,23079,Marshmallow CREME (Double),,1100,57,31,1.5,250,440,144,0,116,17,0,0,0,0,0,0,0,0
143598,23079,MB Malt,,430,24,13,0,115,250,47,0,40,8,0,0,0,0,0,0,0,0
143599,23079,MB Malt (Double),,860,48,26,0,235,510,94,1,79,17,0,0,0,0,0,0,0,0
143600,23079,Millenia Malt,,500,29,18,0.5,120,160,60,0,51,8,0,0,0,0,0,0,0,0
143601,23079,Millenia Malt (Double),,1000,57,35,1.5,245,310,120,0,102,16,0,0,0,0,0,0,0,0
143602,23079,Millennium Perk,,480,24,13,0,115,330,58,0,47,9,0,0,0,0,0,0,0,0
143603,23079,Millennium Perk (Double),,950,47,26,0,230,660,115,1,94,18,0,0,0,0,0,0,0,0
143604,23079,Mindys Mix Up,,490,26,15,0,140,420,57,0,40,9,0,0,0,0,0,0,0,0
143605,23079,Mindys Mix Up (Double),,980,52,30,0,275,840,114,0,79,18,0,0,0,0,0,0,0,0
143606,23079,MINT Chocolate,,430,24,14,0.5,120,150,53,0,46,7,0,0,0,0,0,0,0,0
143607,23079,MINT Chocolate (Double),,860,48,29,1.5,250,300,105,0,92,15,0,0,0,0,0,0,0,0
143608,23079,Minted Magic,,460,26,15,0.5,125,150,57,0,50,8,0,0,0,0,0,0,0,0
143609,23079,Minted Magic (Double),,920,51,31,1.5,250,300,114,0,99,15,0,0,0,0,0,0,0,0
143610,23079,Motor City Mix,,470,27,16,0,130,260,48,0,46,9,0,0,0,0,0,0,0,0
143611,23079,Motor City Mix (Double),,930,53,32,0,260,510,97,0,91,18,0,0,0,0,0,0,0,0
143612,23079,Murray Hill Malt,,550,31,19,0.5,125,180,62,4,51,10,0,0,0,0,0,0,0,0
143613,23079,Murray Hill Malt (Double),,1090,62,37,1.5,250,350,125,7,102,20,0,0,0,0,0,0,0,0
143614,23079,Music City Mallow,,490,25,15,0.5,130,310,62,0,53,8,0,0,0,0,0,0,0,0
143615,23079,Music City Mallow (Double),,980,51,30,1.5,255,630,125,0,107,15,0,0,0,0,0,0,0,0
143616,23079,Natural History Crunchstellation,,470,26,16,0,125,280,52,0,50,9,0,0,0,0,0,0,0,0
143617,23079,Natural History Crunchstellation (Double),,940,51,32,0,245,550,104,0,99,17,0,0,0,0,0,0,0,0
143618,23079,New Castle,,570,32,18,0,135,370,63,0,57,9,0,0,0,0,0,0,0,0
143619,23079,New Castle (Double),,1140,65,36,0.5,265,730,126,0,114,17,0,0,0,0,0,0,0,0
143620,23079,Nothin But Nets,,470,22,13,0,115,300,66,0,50,9,0,0,0,0,0,0,0,0
143621,23079,Nothin But Nets (Double),,940,44,26,0.5,235,610,131,0,99,17,0,0,0,0,0,0,0,0
143622,23079,O Town Blend,,510,27,15,0,130,500,59,0,54,8,0,0,0,0,0,0,0,0
143623,23079,O Town Blend (Double),,1020,55,29,0,255,990,118,0,109,17,0,0,0,0,0,0,0,0
143624,23079,Oh Fudge,,470,29,17,0.5,130,170,51,0,44,8,0,0,0,0,0,0,0,0
143625,23079,Oh Fudge (Double),,940,58,35,1.5,260,330,103,0,88,16,0,0,0,0,0,0,0,0
143626,23079,Old Country Rocky Road,,520,31,15,0.5,125,150,56,2,47,10,0,0,0,0,0,0,0,0
143627,23079,Old Country Rocky Road (Double),,1030,63,30,1.5,250,300,111,3,94,20,0,0,0,0,0,0,0,0
143628,23079,One Stop Choc,,540,30,17,0.5,140,230,66,0,45,8,0,0,0,0,0,0,0,0
143629,23079,One Stop Choc (Double),,1090,61,35,1.5,280,470,132,0,89,17,0,0,0,0,0,0,0,0
143630,23079,OrlanDOUGH,,510,28,16,0.5,125,170,61,0,51,8,0,0,0,0,0,0,0,0
143631,23079,OrlanDOUGH (Double),,1010,55,32,1.5,255,340,123,0,101,17,0,0,0,0,0,0,0,0
143632,23079,Pearl  Pecan,,53,33,15,0,130,400,51,1,49,9,0,0,0,0,0,0,0,0
143633,23079,Pearl  Pecan (Double),,1060,66,30,0,260,800,103,3,96,18,0,0,0,0,0,0,0,0
143634,23079,Penthouse Sweet,,480,28,17,0.5,140,410,55,0,42,8,0,0,0,0,0,0,0,0
143635,23079,Penthouse Sweet (Double),,960,57,33,1.5,275,830,110,0,85,15,0,0,0,0,0,0,0,0
143636,23079,Pie Oh My,,490,25,13,0,115,320,108,0,44,8,0,0,0,0,0,0,0,0
143637,23079,Pie Oh My (Double),,970,51,26,0,230,640,217,1,88,17,0,0,0,0,0,0,0,0
143638,23079,Pie Oh My (Roadie),,1950,101,52,0,460,1290,218,2,175,33,0,0,0,0,0,0,0,0
143639,23079,Presidential Sweet,,470,22,14,0,120,340,59,0,56,9,0,0,0,0,0,0,0,0
143640,23079,Presidential Sweet (Double),,940,45,28,0,245,680,118,1,112,17,0,0,0,0,0,0,0,0
143641,23079,Pretzel Place,,500,29,17,0.5,135,350,56,3,48,8,0,0,0,0,0,0,0,0
143642,23079,Pretzel Place (Double),,1000,57,34,1.5,265,710,113,6,95,16,0,0,0,0,0,0,0,0
143643,23079,Pretzel the Concrete,,540,32,15,0.5,125,250,57,0,47,10,0,0,0,0,0,0,0,0
143644,23079,Pretzel the Concrete (Double),,1070,63,31,1.5,245,510,115,0,94,20,0,0,0,0,0,0,0,0
143645,23079,Rainbow Connection,,460,24,12,0,115,300,53,0,37,9,0,0,0,0,0,0,0,0
143646,23079,Rainbow Connection (Double),,920,48,24,0.5,225,600,105,0,74,19,0,0,0,0,0,0,0,0
143647,23079,Red Velvet Rock,,460,24,13,0,130,380,52,0,45,9,0,0,0,0,0,0,0,0
143648,23079,Red Velvet Rock (Double),,920,48,26,0,265,760,105,0,90,18,0,0,0,0,0,0,0,0
143649,23079,Reveres Tracks,,490,26,16,0,130,410,58,0,54,8,0,0,0,0,0,0,0,0
143650,23079,Reveres Tracks (Double),,970,52,32,0,260,810,117,0,109,16,0,0,0,0,0,0,0,0
143651,23079,Rittenhouse,,440,24,14,0.5,125,150,54,1,46,8,0,0,0,0,0,0,0,0
143652,23079,Rittenhouse (Double),,890,49,29,1.5,250,300,109,1,91,16,0,0,0,0,0,0,0,0
143653,23079,Royal Sweet,,460,22,11,0,110,250,56,0,49,8,0,0,0,0,0,0,0,0
143654,23079,Royal Sweet (Double),,910,45,22,0,225,500,112,0,98,17,0,0,0,0,0,0,0,0
143655,23079,Royal Treatment,,370,16,10,0,110,260,50,0,43,8,0,0,0,0,0,0,0,0
143656,23079,Royal Treatment (Double),,750,33,20,0,225,520,99,0,85,16,0,0,0,0,0,0,0,0
143657,23079,Salt N San Diego,,390,19,11,0,120,360,49,0,43,8,0,0,0,0,0,0,0,0
143658,23079,Salt N San Diego (Double),,780,37,23,0,240,710,98,1,86,16,0,0,0,0,0,0,0,0
143659,23079,Salt N Sunset,,470,25,13,0,120,420,53,0,40,9,0,0,0,0,0,0,0,0
143660,23079,Salt N Sunset (Double),,930,49,26,0,240,850,106,0,79,18,0,0,0,0,0,0,0,0
143661,23079,Salted CarameL,,430,22,12,0,115,310,49,0,37,9,0,0,0,0,0,0,0,0
143662,23079,Salted CarameL (Double),,860,45,23,0,230,630,99,1,73,18,0,0,0,0,0,0,0,0
143663,23079,Salted Caramel Crunch  Henderson,,460,23,14,0,130,410,58,0,55,8,0,0,0,0,0,0,0,0
143664,23079,Salted Caramel Crunch (Double)  Henderson,,920,46,28,0,260,820,115,0,110,16,0,0,0,0,0,0,0,0
143665,23079,Salted Caramel Crunch  Kierland Commons,,520,29,18,0.5,145,440,59,0,55,7,0,0,0,0,0,0,0,0
143666,23079,Salted Caramel Crunch (Double)  Kierland Coomons,,1040,59,37,1.5,290,880,118,0,110,14,0,0,0,0,0,0,0,0
143667,23079,Salty Balty,,510,29,17,0,135,650,59,0,45,9,0,0,0,0,0,0,0,0
143668,23079,Salty Balty (Double),,1030,58,35,1,270,1310,120,0,91,18,0,0,0,0,0,0,0,0
143669,23079,Seaport Salt and Malt,,550,33,20,1,140,350,60,0,52,8,0,0,0,0,0,0,0,0
143670,23079,Seaport Salt and Malt (Double),,1110,67,40,1.5,280,700,121,0,105,16,0,0,0,0,0,0,0,0
143671,23079,Shack Attack,,550,35,21,0.5,130,170,58,0,48,9,0,0,0,0,0,0,0,0
143672,23079,Shack Attack (Double),,1090,69,43,1.5,255,340,116,0,95,18,0,0,0,0,0,0,0,0
143673,23079,Shack Attack (Roadie),,2200,140,86,3,520,690,234,0,193,36,0,0,0,0,0,0,0,0
143674,23079,Shacky Road,,520,31,15,0.5,125,150,56,2,47,10,0,0,0,0,0,0,0,0
143675,23079,Shacky Road (Double),,1030,63,30,1.5,250,300,111,3,94,20,0,0,0,0,0,0,0,0
143676,23079,Shakeney,,490,25,15,0.5,130,310,62,0,53,8,0,0,0,0,0,0,0,0
143677,23079,Shakeney (Double),,980,51,30,1.5,255,630,125,0,107,15,0,0,0,0,0,0,0,0
143678,23079,Shark Attack,,580,37,21,0.5,125,180,62,0,50,9,0,0,0,0,0,0,0,0
143679,23079,Shark Attack (Double),,1170,74,41,1.5,250,360,123,0,100,18,0,0,0,0,0,0,0,0
143680,23079,Shell Game,,480,25,13,0,115,230,55,1,45,10,0,0,0,0,0,0,0,0
143681,23079,Shell Game (Double),,960,50,27,0,235,460,111,1,90,21,0,0,0,0,0,0,0,0
143682,23079,Short  Sweet,,450,22,13,0,130,380,56,1,46,8,0,0,0,0,0,0,0,0
143683,23079,Short  Sweet (Double),,900,44,27,0,255,760,112,1,93,17,0,0,0,0,0,0,0,0
143684,23079,Skull and Cones,,550,31,18,0,130,240,66,0,53,10,0,0,0,0,0,0,0,0
143685,23079,Skull and Cones (Double),,1100,62,35,1,255,490,131,0,105,19,0,0,0,0,0,0,0,0
143686,23079,SMore,,560,31,18,0.5,120,200,66,0,50,9,0,0,0,0,0,0,0,0
143687,23079,SMore (Double),,1110,63,36,1.5,240,400,132,1,100,18,0,0,0,0,0,0,0,0
143688,23079,Smore Cookie Dough,,520,27,15,0.5,125,210,66,0,52,8,0,0,0,0,0,0,0,0
143689,23079,Smore Cookie Dough (Double),,1040,55,30,1.5,255,420,133,1,104,17,0,0,0,0,0,0,0,0
143690,23079,SMores Please,,520,29,16,0.5,120,200,63,0,48,8,0,0,0,0,0,0,0,0
143691,23079,SMores Please (Double),,1040,58,33,1.5,240,390,125,1,96,17,0,0,0,0,0,0,0,0
143692,23079,SMOREScode,,470,24,12,0.5,120,220,61,1,46,8,0,0,0,0,0,0,0,0
143693,23079,SMOREScode (Double),,950,48,25,1.5,240,440,122,1,92,16,0,0,0,0,0,0,0,0
143694,23079,Snap Crackle Crete,,370,16,10,0,110,260,50,0,43,8,0,0,0,0,0,0,0,0
143695,23079,Snap Crackle Crete (Double),,750,33,20,0,225,520,99,0,85,16,0,0,0,0,0,0,0,0
143696,23079,Sticky Bun Banana,,520,26,16,0,145,520,63,0,54,9,0,0,0,0,0,0,0,0
143697,23079,Sticky Bun Banana (Double),,1030,52,32,0,285,1040,125,1,107,18,0,0,0,0,0,0,0,0
143698,23079,Strawberry Banana ConeCrete,,360,17,10,0,110,220,45,0,39,8,0,0,0,0,0,0,0,0
143699,23079,Strawberry Banana ConeCrete (Double),,710,33,20,0,225,450,89,1,78,16,0,0,0,0,0,0,0,0
143700,23079,Strawberry Banana Crunch,,360,17,10,0,110,220,45,0,39,8,0,0,0,0,0,0,0,0
143701,23079,Strawberry Banana Crunch (Double),,710,33,20,0,225,450,89,1,78,16,0,0,0,0,0,0,0,0
143702,23079,Strawberry Banana Crunchcake,,400,20,12,0,120,250,49,0,40,8,0,0,0,0,0,0,0,0
143703,23079,Strawberry Banana Crunchcake (Double),,810,40,24,0,240,490,98,1,80,16,0,0,0,0,0,0,0,0
143704,23079,Strawberry Country Crunch,,360,17,10,0,110,220,45,0,39,8,0,0,0,0,0,0,0,0
143705,23079,Strawberry Country Crunch (Double),,710,33,20,0,225,450,89,1,78,16,0,0,0,0,0,0,0,0
143706,23079,Strawberry Crunchcake,,380,17,10,0,110,230,51,0,46,8,0,0,0,0,0,0,0,0
143707,23079,Strawberry Crunchcake (Double),,770,33,20,0,225,450,103,0,92,16,0,0,0,0,0,0,0,0
143708,23079,Strike Cone,,520,28,17,0,125,260,65,0,54,10,0,0,0,0,0,0,0,0
143709,23079,Strike Cone (Double),,1040,55,33,0,245,530,131,0,108,20,0,0,0,0,0,0,0,0
143710,23079,Summerlin Smore,,440,23,13,0.5,125,170,54,0,45,7,0,0,0,0,0,0,0,0
143711,23079,Summerlin Smore (Double),,870,47,27,1.5,245,340,108,0,91,15,0,0,0,0,0,0,0,0
143712,23079,Takes the CupCAKE,,540,30,16,1,130,330,61,0,53,9,0,0,0,0,0,0,0,0
143713,23079,Takes the CupCAKE (Double),,1070,61,32,2,260,650,122,0,105,18,0,0,0,0,0,0,0,0
143714,23079,The U Malt,,490,28,17,0.5,130,200,580,0,50,9,0,0,0,0,0,0,0,0
143715,23079,The U Malt (Double),,980,56,34,1.5,265,410,116,0,101,18,0,0,0,0,0,0,0,0
143716,23079,The Breakfast Club,,410,20,12,0,120,380,50,0,43,8,0,0,0,0,0,0,0,0
143717,23079,The Breakfast Club (Double),,820,40,23,0,245,750,99,1,86,16,0,0,0,0,0,0,0,0
143718,23079,The Concrete Jungle  Buckhead,,460,25,13,0,115,230,52,0,45,9,0,0,0,0,0,0,0,0
143719,23079,The Concrete Jungle (Double)  Buckhead,,910,50,26,0,230,470,103,1,90,18,0,0,0,0,0,0,0,0
143720,23079,The Concrete Jungle  MSP,,450,25,13,0,115,240,48,0,43,9,0,0,0,0,0,0,0,0
143721,23079,The Concrete Jungle (Double)  MSP,,910,51,27,0,235,480,97,1,86,17,0,0,0,0,0,0,0,0
143722,23079,The Empire Shacks Back,,430,23,12,0,120,370,49,0,42,8,0,0,0,0,0,0,0,0
143723,23079,The Empire Shacks Back (Double),,840,45,24,0,235,700,96,0,82,16,0,0,0,0,0,0,0,0
143724,23079,The Great White Way,,370,16,10,0,110,260,50,0,43,8,0,0,0,0,0,0,0,0
143725,23079,The Great White Way (Double),,750,33,20,0,225,520,99,0,85,16,0,0,0,0,0,0,0,0
143726,23079,Tinseltown Toffee,,540,33,20,1,140,340,58,0,50,8,0,0,0,0,0,0,0,0
143727,23079,Tinseltown Toffee (Double),,1080,65,40,1.5,280,670,116,0,100,16,0,0,0,0,0,0,0,0
143728,23079,Toffee Takeoff,,520,27,17,0,140,480,61,0,57,8,0,0,0,0,0,0,0,0
143729,23079,Toffee Takeoff (Double),,1030,55,34,0.5,280,960,122,0,115,16,0,0,0,0,0,0,0,0
143730,23079,Township Toffee,,530,30,18,0.5,145,450,62,0,57,7,0,0,0,0,0,0,0,0
143731,23079,Township Toffee (Double),,1060,59,37,1.5,290,900,124,0,114,15,0,0,0,0,0,0,0,0
143732,23079,UchiKoncrete,,490,24,14,0,135,390,60,0,33,9,0,0,0,0,0,0,0,0
143733,23079,UchiKoncrete (Double),,980,48,28,0,265,780,120,0,66,19,0,0,0,0,0,0,0,0
143734,23079,Valley Forge Freeze,,490,29,18,1,140,730,56,0,50,7,0,0,0,0,0,0,0,0
143735,23079,Valley Forge Freeze (Double),,980,58,35,1.5,280,1470,111,0,100,14,0,0,0,0,0,0,0,0
143736,23079,Vice Crispy Treat,,370,16,10,0,110,260,50,0,43,8,0,0,0,0,0,0,0,0
143737,23079,Vice Crispy Treat (Double),,750,33,20,0,225,520,99,0,85,18,0,0,0,0,0,0,0,0
143738,23079,Vietnamese Coffee and Donuts,,470,23,13,0,115,330,56,0,46,9,0,0,0,0,0,0,0,0
143739,23079,Vietnamese Coffee and Donuts (Double),,930,47,26,0,230,660,112,0,93,18,0,0,0,0,0,0,0,0
143740,23079,Washington MonuMint,,430,24,14,0.5,125,150,53,0,46,7,0,0,0,0,0,0,0,0
143741,23079,Washington MonuMint (Double),,860,48,29,1.5,250,300,105,0,92,15,0,0,0,0,0,0,0,0
143742,23079,West UNicorn,,430,21,12,0,120,380,52,0,47,8,0,0,0,0,0,0,0,0
143743,23079,West UNicorn (Double),,850,42,24,0,240,750,104,0,95,16,0,0,0,0,0,0,0,0
143744,23079,Westberry,,440,18,10,0,110,330,62,0,45,9,0,0,0,0,0,0,0,0
143745,23079,Westberry (Double),,880,35,20,0,225,650,124,1,90,18,0,0,0,0,0,0,0,0
143746,23079,Wicked Crunchie,,470,20,11,0,120,460,66,0,49,9,0,0,0,0,0,0,0,0
143747,23079,Wicked Crunchie (Double),,950,39,23,0,240,920,132,0,98,19,0,0,0,0,0,0,0,0
143748,23079,Winters Wonderland,,370,16,10,0,110,260,50,0,43,8,0,0,0,0,0,0,0,0
143749,23079,Winters Wonderland (Double),,750,33,20,0,225,520,99,0,85,16,0,0,0,0,0,0,0,0
143750,23079,Worlds Fare,,370,16,10,0,110,260,50,0,43,8,0,0,0,0,0,0,0,0
143751,23079,Worlds Fare (Double),,750,33,20,0,225,520,99,0,85,17,0,0,0,0,0,0,0,0
143752,23079,Almonds,,80,7,0.5,0,0,0,3,2,1,3,0,0,0,0,0,0,0,0
143753,23079,Amarena Cherries,,40,0,0,0,0,0,9,0,8,0,0,0,0,0,0,0,0,0
143754,23079,Apple Fritter (Randys Donuts),,45,3,1,0,0,45,5,0,1,1,0,0,0,0,0,0,0,0
143755,23079,Banana Bread,,50,3,0,0,5,30,6,0,3,1,0,0,0,0,0,0,0,0
143756,23079,Banana Bread Donut (Glazed and Confused),,35,1,0,0,0,45,6,0,2,1,0,0,0,0,0,0,0,0
143757,23079,Bananas,,10,0,0,0,0,0,3,0,2,0,0,0,0,0,0,0,0,0
143758,23079,Bee Sting Bar (Baked  Wired),,70,3.5,1.5,0,5,40,9,0,4,1,0,0,0,0,0,0,0,0
143759,23079,Belgian Waffle,,45,2,0,0,5,50,6,0,2,1,0,0,0,0,0,0,0,0
143760,23079,Black Magic Brownie (Zingermans),,60,2.5,0.5,0,0,40,9,0,5,1,0,0,0,0,0,0,0,0
143761,23079,Brownie (Marks Bake Shoppe),,70,4,1,0,10,50,7,0,5,1,0,0,0,0,0,0,0,0
143762,23079,Brownie (Rocket Baby Bakery),,60,2.5,0.5,0,5,40,9,0,5,1,0,0,0,0,0,0,0,0
143763,23079,Brownie Crinkle (Mindys Hot Chocolate),,60,3,1.5,0,15,20,8,0,6,1,0,0,0,0,0,0,0,0
143764,23079,Brownie (Baked  Wired),,50,2,0,0,10,35,8,0,6,1,0,0,0,0,0,0,0,0
143765,23079,Cacao Nibs,,90,7,4,0,0,10,4,4,0,2,0,0,0,0,0,0,0,0
143766,23079,Caf Sua Da Marshmallow Sauce (Greenway),,40,0,0,0,0,0,10,0,8,0,0,0,0,0,0,0,0,0
143767,23079,Cannoli Shell (Termini Bros),,50,2.5,1,0,5,0,7,0,2,1,0,0,0,0,0,0,0,0
143768,23079,Cannoli Shell (High Street on Hudson),,50,3,1,0,10,0,8,0,3,1,0,0,0,0,0,0,0,0
143769,23079,Chocolate Cake Donut (Dus Donuts),,60,3,0.5,0,10,30,8,0,4,1,0,0,0,0,0,0,0,0
143770,23079,Chocolate Chip Cookie (Baked NYC),,70,4,2,0,10,8,8,0,5,1,0,0,0,0,0,0,0,0
143771,23079,Chocolate Chip Cookie (Baked and Wired),,60,3,2,0,5,45,8,0,5,1,0,0,0,0,0,0,0,0
143772,23079,Chocolate Chip Cookie (Winslows Bakery),,70,4,2,0,5,65,9,0,6,1,0,0,0,0,0,0,0,0
143773,23079,Chocolate Chip Seasalt Cookie (Mindys Hot Chocolate),,60,3,2,0,10,70,9,0,6,1,0,0,0,0,0,0,0,0
143774,23079,Chocolate Cloud Cookie (Baked),,70,3.5,2,0,10,30,9,0,9,1,0,0,0,0,0,0,0,0
143775,23079,Chocolate Covered Pretzels,,70,2.5,1,0,0,70,10,0,5,1,0,0,0,0,0,0,0,0
143776,23079,Chocolate Crunch Cupcake (Cupcakery),,50,3,1,0,5,50,7,0,6,0,0,0,0,0,0,0,0,0
143777,23079,Chocolate Crunchies (Valrhona),,70,4.5,3,0,0,0,6,0,6,1,0,0,0,0,0,0,0,0
143778,23079,Chocolate Fudge Brownie (Milk  Cookies),,60,3,2,0,15,20,8,0,6,1,0,0,0,0,0,0,0,0
143779,23079,Chocolate Sprinkles (E Guittard),,60,3,2,0,0,5,9,0,7,1,0,0,0,0,0,0,0,0
143780,23079,Chocolate Toffee,,80,4.5,3,0,10,70,9,0,8,0,0,0,0,0,0,0,0,0
143781,23079,Chocolate Truffle Cookie Dough,,50,3,2,0,5,15,7,1,5,1,0,0,0,0,0,0,0,0
143782,23079,Cinnamon Fudge Sauce,,50,3.5,2,0,5,20,4,0,3,1,0,0,0,0,0,0,0,0
143783,23079,Cinnamon Marshmallow Sauce,,40,0,0,0,0,25,10,0,9,0,0,0,0,0,0,0,0,0
143784,23079,Cinnamon Sugar,,50,0,0,0,0,0,13,2,10,0,0,0,0,0,0,0,0,0
143785,23079,Citrus Marinated Raspberries,,15,0,0,0,0,0,4,1,3,0,0,0,0,0,0,0,0,0
143786,23079,Cocoa Powder,,20,1,1,0,0,35,1,1,1,1,0,0,0,0,0,0,0,0
143787,23079,Coffee Beans,,0,0,0,0,0,0,0,0,0,0,0,0,0,0,0,0,0,0
143788,23079,Coffee Marshmallow Sauce,,40,0,0,0,0,0,10,0,8,0,0,0,0,0,0,0,0,0
143789,23079,Coney Island Chocolate Chunks (Compartes),,70,4,2.5,0,0,15,8,0,6,1,0,0,0,0,0,0,0,0
143790,23079,Cookie Butter,,80,6,1,0,0,25,8,0,5,1,0,0,0,0,0,0,0,0
143791,23079,COP Donut (Morningstar),,60,4,2,0,5,55,6,0,2,1,0,0,0,0,0,0,0,0
143792,23079,Crispy Crunchies,,50,0,0,0,0,130,12,0,1,1,0,0,0,0,0,0,0,0
143793,23079,Dark Chocolate Chunks (Askinosie Chocolate),,80,5,3.5,0,0,0,7,3,4,1,0,0,0,0,0,0,0,0
143794,23079,Dark Chocolate Chunks (Mast Brothers),,80,6,4,0,0,5,7,2,4,1,0,0,0,0,0,0,0,0
143795,23079,Dark Chocolate Chunks (Taza),,80,4.5,3.5,0,0,0,7,1,4,1,0,0,0,0,0,0,0,0
143796,23079,Dark Chocolate Chunks (Zaks),,70,5,3,0,0,0,7,0,4,1,0,0,0,0,0,0,0,0
143797,23079,Dark Chocolate Chunks (Compartes),,70,5,3,0,0,0,7,0,4,1,0,0,0,0,0,0,0,0
143798,23079,Dark Chocolate Cookie (Warm Belly),,70,4,3,0,15,30,8,0,6,1,0,0,0,0,0,0,0,0
143799,23079,Devils Food Cake (Fluff Bake Bar),,45,2,0,0,10,70,7,0,4,1,0,0,0,0,0,0,0,0
143800,23079,Donut (Doughnut Plant),,60,3,1,0,0,50,6,1,4,1,0,0,0,0,0,0,0,0
143801,23079,Double Chocolate Chip Cookie (BIRD Bakery),,60,3.5,1.5,0,0,30,9,0,5,1,0,0,0,0,0,0,0,0
143802,23079,Double Concrete Chocolate,,680,42,25,1.5,240,260,70,3,64,13,0,0,0,0,0,0,0,0
143803,23079,Double Concrete Vanilla,,610,33,20,0,225,380,67,3,66,15,0,0,0,0,0,0,0,0
143804,23079,Double Concrete Vanilla and Chocolate,,650,37,22,0.5,235,320,69,2,65,14,0,0,0,0,0,0,0,0
143805,23079,Dulce De Leche Brownie (Zingermans),,60,3.5,0.5,0.5,10,75,7,0,5,1,0,0,0,0,0,0,0,0
143806,23079,French Toast Donut (Federal Donuts),,60,3.5,1.5,0,0,75,7,1,3,1,0,0,0,0,0,0,0,0
143807,23079,Frosted Butter Cake (Make My Cake),,50,2.5,0,0,10,40,8,0,6,0,0,0,0,0,0,0,0,0
143808,23079,Fudge Sauce,,50,3.5,2,0,5,20,4,0,3,1,0,0,0,0,0,0,0,0
143809,23079,Glazed Donut (North Lime Donuts),,60,3,1,0,0,50,6,1,5,1,0,0,0,0,0,0,0,0
143810,23079,Graham Crackers,,60,2,0,0,0,55,10,0,3,1,0,0,0,0,0,0,0,0
143811,23079,Graham Crackers (Pollystyle),,50,2,1,0,5,50,8,0,4,1,0,0,0,0,0,0,0,0
143812,23079,Ginger Chocolate Chip Cookie Dough (Sono Baking Company),,60,3,1,0,10,45,9,0,5,1,0,0,0,0,0,0,0,0
143813,23079,Gooey Butter Cake (Park Ave Coffee),,50,2.5,1,0,15,30,8,1,6,1,0,0,0,0,0,0,0,0
143814,23079,Hazelnut Brown Butter Streusel (Milk and Cookies),,70,5,2,0,6,25,9,0,4,1,0,0,0,0,0,0,0,0
143815,23079,Kitchen Sink Cookie (Mindys Hot Chocolate),,60,3,1.5,0,5,45,8,0,5,1,0,0,0,0,0,0,0,0
143816,23079,Lemon Curd,,45,1.5,1,0,20,0,8,0,5,0,0,0,0,0,0,0,0,0
143817,23079,Lemon Ricotta,,40,1.5,1,0,5,10,5,0,5,1,0,0,0,0,0,0,0,0
143818,23079,Malt Caramel (Bon Bon Bon),,70,4.5,2.5,0,5,10,6,0,5,1,0,0,0,0,0,0,0,0
143819,23079,Malted Marshmallow Sauce,,35,0,0,0,0,15,9,0,8,0,0,0,0,0,0,0,0,0
143820,23079,Maple Bacon Donut (Astro Donuts),,50,2.5,1,0,15,100,4,0,1,2,0,0,0,0,0,0,0,0
143821,23079,Marshmallow Sauce,,40,0,0,0,0,0,10,0,9,0,0,0,0,0,0,0,0,0
143822,23079,Matcha Green Tea Powder,,40,0,0,0,0,0,0,0,0,14,0,0,0,0,0,0,0,0
143823,23079,Minted Marshmallow Sauce,,40,0,0,0,0,0,10,0,9,0,0,0,0,0,0,0,0,0
143824,23079,Mint White Chocolate Ganache (Chocopologie),,70,4,3,0,5,10,9,0,9,1,0,0,0,0,0,0,0,0
143825,23079,Miso Huckleberry Hazelnut Blondie (Uchi),,60,3,1.5,0,10,10,8,0,6,1,0,0,0,0,0,0,0,0
143826,23079,Nutella Pretzel Cookie (Marks Bake Shoppe),,80,4.5,1,0,10,40,9,0,3,1,0,0,0,0,0,0,0,0
143827,23079,Old Fashioned Doughnut (Doughnut Plant),,60,3.5,1.5,0,5,55,7,0,3,1,0,0,0,0,0,0,0,0
143828,23079,Old Fashioned Buttermilk Vanilla Donut (Kettle Glazed),,50,2,1,0,5,50,7,0,4,1,0,0,0,0,0,0,0,0
143829,23079,Old Fashioned Donut (Do Rite),,70,4.5,2,0,0,70,7,0,3,1,0,0,0,0,0,0,0,0
143830,23079,Pecan Shortbread (Scratch Baking),,80,4.5,1.5,0,0,50,8,0,3,1,0,0,0,0,0,0,0,0
143831,23079,Pecan Sticky Bun (Balthazar),,50,3,2,0,10,30,6,0,3,1,0,0,0,0,0,0,0,0
143832,23079,Pecans,,100,10,1,0,0,0,2,1,1,1,0,0,0,0,0,0,0,0
143833,23079,Pistachios,,80,6,1,0,0,0,4,1,1,3,0,0,0,0,0,0,0,0
143834,23079,Potato Chips (Route 11),,80,4.5,0,0,0,55,8,0,0,1,0,0,0,0,0,0,0,0
143835,23079,Rainbow Sprinkles,,70,3,1,1.5,0,0,11,0,7,0,0,0,0,0,0,0,0,0
143836,23079,Red Velvet Cake (South End Buttery),,50,2.5,0,0,10,55,6,0,4,1,0,0,0,0,0,0,0,0
143837,23079,Red Velvet Cake (The Cupcakery),,50,2.5,1,0,5,60,6,0,4,1,0,0,0,0,0,0,0,0
143838,23079,Salted Caramel Chocolate Brownie (Larder Baking Company),,60,3.5,0.5,0.5,10,75,7,0,5,1,0,0,0,0,0,0,0,0
143839,23079,Salted Caramel Sauce,,45,2,1.5,0,5,135,7,0,7,0,0,0,0,0,0,0,0,0
143840,23079,Seasonal Pie,,45,2.5,1,0,5,35,5,0,3,0,0,0,0,0,0,0,0,0
143841,23079,Shortbread Cookie,,70,3.5,2,0,10,55,9,0,3,1,0,0,0,0,0,0,0,0
143842,23079,Shortbread (Pollystyle),,70,3.5,1,0,0,50,9,0,3,1,0,0,0,0,0,0,0,0
143843,23079,Single Concrete Chocolate,,340,21,12,0.5,120,130,35,2,32,6,0,0,0,0,0,0,0,0
143844,23079,Single Concrete Vanilla,,310,16,10,0,110,190,33,0,33,7,0,0,0,0,0,0,0,0
143845,23079,Single Concrete Vanilla and Chocolate,,320,19,11,0,115,160,34,1,32,7,0,0,0,0,0,0,0,0
143846,23079,Strawberry Cupcake (Sugar Rays),,45,2,0.5,0,5,45,6,0,4,0,0,0,0,0,0,0,0,0
143847,23079,Strawberry Jam,,35,0,0,0,0,0,9,0,8,0,0,0,0,0,0,0,0,0
143848,23079,Strawberry Pure,,10,0,0,0,0,0,3,0,2,0,0,0,0,0,0,0,0,0
143849,23079,Strawberry  Rose Geranium Jam (Sqirl),,25,0,0,0,0,0,6,0,5,0,0,0,0,0,0,0,0,0
143850,23079,Toffee Shortbread (Pollystyle),,70,4,2,0,0,45,8,0,3,1,0,0,0,0,0,0,0,0
143851,23079,Triple Chocolate Sea Salt Cookie (Luna Baking Company),,60,3,2,0,5,90,8,0,6,1,0,0,0,0,0,0,0,0
143852,23079,Unicorn Bait Cookie Dough (Fluff Bake Bar),,60,2.5,1,0,0,55,9,0,4,1,0,0,0,0,0,0,0,0
143853,23079,Vanilla Glazed Donut (Astro Donuts),,60,3.5,1.5,0,5,55,7,0,3,1,0,0,0,0,0,0,0,0
143854,23079,Walnut Sable Cookie (Balthazar),,70,3.5,1.5,0,5,65,8,0,4,1,0,0,0,0,0,0,0,0
143855,23079,Walnuts,,90,9,1,0,0,0,2,1,0,2,0,0,0,0,0,0,0,0
143856,23079,White Peach Puree,,10,0,0,0,0,0,3,0,3,0,0,0,0,0,0,0,0,0
143857,23080,Shackmade Lemonade Small,,160,0,0,0,0,10,43,0,40,0,0,0,0,0,0,0,0,0
143858,23080,Shackmade Lemonade Large,,270,0,0,0,0,15,70,0,66,0,0,0,0,0,0,0,0,0
143859,23080,Fresh Brewed Iced Tea Small,,5,0,0,0,0,10,1,0,0,0,0,0,0,0,0,0,0,0
143860,23080,Fresh Brewed Iced Tea Large,,5,0,0,0,0,15,2,0,0,0,0,0,0,0,0,0,0,0
143861,23080,Fresh Brewed Sweetened Iced Tea Small,,110,0,0,0,0,10,28,0,27,0,0,0,0,0,0,0,0,0
143862,23080,Fresh Brewed Sweetened Iced Tea Large,,170,0,0,0,0,15,45,0,44,0,0,0,0,0,0,0,0,0
143863,23080,FiftyFifty Small,,80,0,0,0,0,10,22,0,20,0,0,0,0,0,0,0,0,0
143864,23080,FiftyFifty Large,,140,0,0,0,0,15,36,0,33,0,0,0,0,0,0,0,0,0
143865,23080,Coke Small,,140,0,0,0,0,45,39,0,39,0,0,0,0,0,0,0,0,0
143866,23080,Coke Large,,210,0,0,0,0,65,58,0,58,0,0,0,0,0,0,0,0,0
143867,23080,Diet Coke Small,,0,0,0,0,0,40,0,0,0,0,0,0,0,0,0,0,0,0
143868,23080,Diet Coke Large,,0,0,0,0,0,60,0,0,0,0,0,0,0,0,0,0,0,0
143869,23080,Coke Zero Small,,0,0,0,0,0,40,0,0,0,0,0,0,0,0,0,0,0,0
143870,23080,Coke Zero Large,,0,0,0,0,0,60,0,0,0,0,0,0,0,0,0,0,0,0
143871,23080,Sprite Small,,140,0,0,0,0,30,36,0,32,0,0,0,0,0,0,0,0,0
143872,23080,Sprite Large,,240,0,0,0,0,55,60,0,53,0,0,0,0,0,0,0,0,0
143873,23080,Fanta Orange Small,,160,0,0,0,0,60,45,0,44,0,0,0,0,0,0,0,0,0
143874,23080,Fanta Orange Large,,240,0,0,0,0,90,67,0,66,0,0,0,0,0,0,0,0,0
143875,23080,Fanta Grape Small,,180,0,0,0,0,35,49,0,49,0,0,0,0,0,0,0,0,0
143876,23080,Fanta Grape Large,,270,0,0,0,0,55,73,0,73,0,0,0,0,0,0,0,0,0
143877,23080,Dr Pepper Small,,150,0,0,0,0,60,40,0,38,0,0,0,0,0,0,0,0,0
143878,23080,Dr Pepper Large,,220,0,0,0,0,90,59,0,58,0,0,0,0,0,0,0,0,0
143879,23080,Diet Dr Pepper Small,,0,0,0,0,0,60,0,0,0,0,0,0,0,0,0,0,0,0
143880,23080,Diet Dr Pepper Large,,0,0,0,0,0,90,0,0,0,0,0,0,0,0,0,0,0,0
143881,23080,Crush Small,,160,0,0,0,0,70,43,0,43,0,0,0,0,0,0,0,0,0
143882,23080,Crush Large,,240,0,0,0,0,110,65,0,64,0,0,0,0,0,0,0,0,0
143883,23080,Diet Pepsi Small,,0,0,0,0,0,35,0,0,0,0,0,0,0,0,0,0,0,0
143884,23080,Diet Pepsi Large,,0,0,0,0,0,55,0,0,0,0,0,0,0,0,0,0,0,0
143885,23080,Mist TWST Small,,140,0,0,0,0,35,39,0,39,0,0,0,0,0,0,0,0,0
143886,23080,Mist TWST Large,,220,0,0,0,0,50,58,0,58,0,0,0,0,0,0,0,0,0
143887,23080,Mountain Dew Small,,170,0,0,0,0,65,46,0,46,0,0,0,0,0,0,0,0,0
143888,23080,Mountain Dew Large,,260,0,0,0,0,95,69,0,69,0,0,0,0,0,0,0,0,0
143889,23080,Diet Mountain Dew Small,,5,0,0,0,0,50,1,0,1,0,0,0,0,0,0,0,0,0
143890,23080,Diet Mountain Dew Large,,10,0,0,0,0,75,1,0,1,0,0,0,0,0,0,0,0,0
143891,23080,Pepsi Small,,150,0,0,0,0,35,41,0,41,0,0,0,0,0,0,0,0,0
143892,23080,Pepsi Large,,220,0,0,0,0,50,62,0,62,0,0,0,0,0,0,0,0,0
143893,23080,PepsiMAX Small,,0,0,0,0,0,40,0,0,0,0,0,0,0,0,0,0,0,0
143894,23080,PepsiMAX Large,,0,0,0,0,0,60,0,0,0,0,0,0,0,0,0,0,0,0
143895,23080,Abita Root Beer Bottle,,180,0,0,0,0,16,44,0,38,0,0,0,0,0,0,0,0,0
143896,23080,Abita Root Beer Small,,165,0,0,0,0,15,40,0,35,0,0,0,0,0,0,0,0,0
143897,23080,Abita Root Beer Large,,265,0,0,0,0,24,66,0,57,0,0,0,0,0,0,0,0,0
143898,23080,Stumptown Cold Brew,,5,0,0,0,0,5,0,0,0,0,0,0,0,0,0,0,0,0
143899,23080,Stumptown Cold Brew Nitro,,5,0,0,0,0,5,0,0,0,0,0,0,0,0,0,0,0,0
143900,23080,Stumptown Cold Brew Float,,280,15,9,0,100,180,30,0,30,7,0,0,0,0,0,0,0,0
143901,23080,Orange Juice,,165,0,0,0,0,12,41,2,30,3,0,0,0,0,0,0,0,0
143902,23080,Honest Kids Apple Juice,,40,0,0,0,0,0,10,0,9,0,0,0,0,0,0,0,0,0
143903,23080,SHACK2O,,0,0,0,0,0,0,0,0,0,0,0,0,0,0,0,0,0,0
